{
  "dependencies": {
    "mssql1": {
      "type": "mssql.local",
      "connectionId": "ConnectionStrings:AdoptionWebsiteTestContext"
    },
    "secrets1": {
      "type": "secrets.user"
    },
    "mssql2": {
      "serviceConnectorResourceId": "",
      "secretStore": "LocalSecretsFile",
      "type": "mssql.local",
      "connectionId": "AdoptADog",
      "dynamicId": null
    },
    "mssql3": {
      "serviceConnectorResourceId": "",
      "secretStore": "LocalSecretsFile",
      "type": "mssql.local",
      "connectionId": "ContactData",
      "dynamicId": null
    }
  }
}